,城市,日期,AQI
53532,兰州,2013-10-28,94
53533,兰州,2013-10-29,86
53534,兰州,2013-10-30,77
53535,兰州,2013-10-31,74
53536,兰州,2013-11-1,99
53537,兰州,2013-11-2,113
53538,兰州,2013-11-3,139
53539,兰州,2013-11-4,111
53540,兰州,2013-11-5,135
53541,兰州,2013-11-6,115
53542,兰州,2013-11-7,119
53543,兰州,2013-11-8,123
53544,兰州,2013-11-9,83
53545,兰州,2013-11-10,60
53546,兰州,2013-11-11,82
53547,兰州,2013-11-12,88
53548,兰州,2013-11-13,97
53549,兰州,2013-11-14,371
53550,兰州,2013-11-15,414
53551,兰州,2013-11-16,250
53552,兰州,2013-11-17,204
53553,兰州,2013-11-18,200
53554,兰州,2013-11-19,200
53555,兰州,2013-11-20,200
53556,兰州,2013-11-21,174
53557,兰州,2013-11-22,234
53558,兰州,2013-11-23,109
53559,兰州,2013-11-24,116
53560,兰州,2013-11-25,100
53561,兰州,2013-11-26,101
53562,兰州,2013-11-27,63
53563,兰州,2013-11-28,53
53564,兰州,2013-11-29,77
53565,兰州,2013-11-30,113
53566,兰州,2013-12-1,106
53567,兰州,2013-12-2,141
53568,兰州,2013-12-3,111
53569,兰州,2013-12-4,117
53570,兰州,2013-12-5,112
53571,兰州,2013-12-6,118
53572,兰州,2013-12-7,150
53573,兰州,2013-12-8,101
53574,兰州,2013-12-9,66
53575,兰州,2013-12-10,88
53576,兰州,2013-12-11,76
53577,兰州,2013-12-12,102
53578,兰州,2013-12-13,117
53579,兰州,2013-12-14,93
53580,兰州,2013-12-15,102
53581,兰州,2013-12-16,137
53582,兰州,2013-12-17,167
53583,兰州,2013-12-18,130
53584,兰州,2013-12-19,117
53585,兰州,2013-12-20,81
53586,兰州,2013-12-21,74
53587,兰州,2013-12-22,115
53588,兰州,2013-12-23,146
53589,兰州,2013-12-24,120
53590,兰州,2013-12-25,145
53591,兰州,2013-12-26,107
53592,兰州,2013-12-27,79
53593,兰州,2013-12-28,88
53594,兰州,2013-12-29,101
53595,兰州,2013-12-30,111
53596,兰州,2013-12-31,134
53597,兰州,2014-1-1,162
53598,兰州,2014-1-2,128
53599,兰州,2014-1-3,101
53600,兰州,2014-1-4,122
53601,兰州,2014-1-5,116
53602,兰州,2014-1-6,98
53603,兰州,2014-1-7,52
53604,兰州,2014-1-8,49
53605,兰州,2014-1-9,84
53606,兰州,2014-1-10,85
53607,兰州,2014-1-11,73
53608,兰州,2014-1-12,82
53609,兰州,2014-1-13,105
53610,兰州,2014-1-14,102
53611,兰州,2014-1-15,184
53612,兰州,2014-1-16,117
53613,兰州,2014-1-17,135
53614,兰州,2014-1-18,139
53615,兰州,2014-1-19,142
53616,兰州,2014-1-20,123
53617,兰州,2014-1-21,115
53618,兰州,2014-1-22,132
53619,兰州,2014-1-24,75
53620,兰州,2014-1-25,73
53621,兰州,2014-1-26,100
53622,兰州,2014-1-27,92
53623,兰州,2014-1-28,71
53624,兰州,2014-1-29,136
53625,兰州,2014-1-30,104
53626,兰州,2014-1-31,153
53627,兰州,2014-2-1,105
53628,兰州,2014-2-2,114
53629,兰州,2014-2-3,72
53630,兰州,2014-2-4,69
53631,兰州,2014-2-5,72
53632,兰州,2014-2-6,77
53633,兰州,2014-2-7,106
53634,兰州,2014-2-8,93
53635,兰州,2014-2-9,48
53636,兰州,2014-2-10,80
53637,兰州,2014-2-11,87
53638,兰州,2014-2-12,69
53639,兰州,2014-2-13,99
53640,兰州,2014-2-14,118
53641,兰州,2014-2-15,103
53642,兰州,2014-2-16,92
53643,兰州,2014-2-17,99
53644,兰州,2014-2-18,97
53645,兰州,2014-2-19,79
53646,兰州,2014-2-20,98
53647,兰州,2014-2-21,89
53648,兰州,2014-2-22,99
53649,兰州,2014-2-23,100
53650,兰州,2014-2-24,87
53651,兰州,2014-2-25,105
53652,兰州,2014-2-26,170
53653,兰州,2014-2-27,93
53654,兰州,2014-2-28,92
53655,兰州,2014-3-1,94
53656,兰州,2014-3-2,85
53657,兰州,2014-3-3,88
53658,兰州,2014-3-4,86
53659,兰州,2014-3-5,105
53660,兰州,2014-3-6,94
53661,兰州,2014-3-7,88
53662,兰州,2014-3-8,105
53663,兰州,2014-3-9,109
53664,兰州,2014-3-10,101
53665,兰州,2014-3-11,91
53666,兰州,2014-3-12,85
53667,兰州,2014-3-13,94
53668,兰州,2014-3-14,120
53669,兰州,2014-3-15,130
53670,兰州,2014-3-16,114
53671,兰州,2014-3-17,107
53672,兰州,2014-3-18,130
53673,兰州,2014-3-19,146
53674,兰州,2014-3-20,80
53675,兰州,2014-3-21,88
53676,兰州,2014-3-22,65
53677,兰州,2014-3-23,69
53678,兰州,2014-3-25,127
53679,兰州,2014-3-26,134
53680,兰州,2014-3-27,122
53681,兰州,2014-3-28,100
53682,兰州,2014-3-29,110
53683,兰州,2014-3-30,72
53684,兰州,2014-3-31,86
53685,兰州,2014-4-1,91
53686,兰州,2014-4-2,62
53687,兰州,2014-4-3,68
53688,兰州,2014-4-4,88
53689,兰州,2014-4-5,82
53690,兰州,2014-4-6,74
53691,兰州,2014-4-7,110
53692,兰州,2014-4-8,121
53693,兰州,2014-4-9,69
53694,兰州,2014-4-10,109
53695,兰州,2014-4-11,80
53696,兰州,2014-4-12,77
53697,兰州,2014-4-13,81
53698,兰州,2014-4-14,66
53699,兰州,2014-4-15,60
53700,兰州,2014-4-16,44
53701,兰州,2014-4-17,64
53702,兰州,2014-4-18,44
53703,兰州,2014-4-19,45
53704,兰州,2014-4-20,57
53705,兰州,2014-4-21,43
53706,兰州,2014-4-22,82
53707,兰州,2014-4-23,96
53708,兰州,2014-4-24,347
53709,兰州,2014-4-25,265
53710,兰州,2014-4-26,254
53711,兰州,2014-4-27,189
53712,兰州,2014-4-28,132
53713,兰州,2014-4-29,152
53714,兰州,2014-4-30,244
53715,兰州,2014-5-1,101
53716,兰州,2014-5-2,101
53717,兰州,2014-5-3,120
53718,兰州,2014-5-4,93
53719,兰州,2014-5-5,83
53720,兰州,2014-5-6,108
53721,兰州,2014-5-7,107
53722,兰州,2014-5-8,105
53723,兰州,2014-5-9,337
53724,兰州,2014-5-10,69
53725,兰州,2014-5-11,74
53726,兰州,2014-5-12,84
53727,兰州,2014-5-13,92
53728,兰州,2014-5-14,73
53729,兰州,2014-5-15,68
53730,兰州,2014-5-16,85
53731,兰州,2014-5-17,77
53732,兰州,2014-5-18,111
53733,兰州,2014-5-19,56
53734,兰州,2014-5-20,103
53735,兰州,2014-5-21,68
53736,兰州,2014-5-22,66
53737,兰州,2014-5-23,76
53738,兰州,2014-5-24,205
53739,兰州,2014-5-25,232
53740,兰州,2014-5-26,125
53741,兰州,2014-5-27,85
53742,兰州,2014-5-28,96
53743,兰州,2014-5-29,88
53744,兰州,2014-5-30,66
53745,兰州,2014-5-31,70
53746,兰州,2014-6-1,83
53747,兰州,2014-6-2,85
53748,兰州,2014-6-3,84
53749,兰州,2014-6-4,78
53750,兰州,2014-6-5,80
53751,兰州,2014-6-6,72
53752,兰州,2014-6-7,92
53753,兰州,2014-6-8,74
53754,兰州,2014-6-9,64
53755,兰州,2014-6-10,68
53756,兰州,2014-6-11,82
53757,兰州,2014-6-12,66
53758,兰州,2014-6-13,81
53759,兰州,2014-6-14,115
53760,兰州,2014-6-15,83
53761,兰州,2014-6-16,74
53762,兰州,2014-6-17,93
53763,兰州,2014-6-18,74
53764,兰州,2014-6-19,59
53765,兰州,2014-6-20,75
53766,兰州,2014-6-21,89
53767,兰州,2014-6-22,82
53768,兰州,2014-6-23,68
53769,兰州,2014-6-24,62
53770,兰州,2014-6-25,106
53771,兰州,2014-6-26,92
53772,兰州,2014-6-27,97
53773,兰州,2014-6-28,60
53774,兰州,2014-6-29,69
53775,兰州,2014-6-30,77
53776,兰州,2014-7-1,78
53777,兰州,2014-7-2,86
53778,兰州,2014-7-3,59
53779,兰州,2014-7-4,84
53780,兰州,2014-7-5,78
53781,兰州,2014-7-6,68
53782,兰州,2014-7-7,107
53783,兰州,2014-7-8,60
53784,兰州,2014-7-9,47
53785,兰州,2014-7-10,59
53786,兰州,2014-7-11,85
53787,兰州,2014-7-12,90
53788,兰州,2014-7-13,68
53789,兰州,2014-7-14,73
53790,兰州,2014-7-15,73
53791,兰州,2014-7-16,68
53792,兰州,2014-7-17,69
53793,兰州,2014-7-18,61
53794,兰州,2014-7-19,58
53795,兰州,2014-7-20,49
53796,兰州,2014-7-21,63
53797,兰州,2014-7-22,54
53798,兰州,2014-7-23,65
53799,兰州,2014-7-24,85
53800,兰州,2014-7-25,95
53801,兰州,2014-7-26,82
53802,兰州,2014-7-27,60
53803,兰州,2014-7-28,72
53804,兰州,2014-7-29,80
53805,兰州,2014-7-30,80
53806,兰州,2014-7-31,74
53807,兰州,2014-8-1,71
53808,兰州,2014-8-2,105
53809,兰州,2014-8-3,72
53810,兰州,2014-8-4,51
53811,兰州,2014-8-5,84
53812,兰州,2014-8-6,39
53813,兰州,2014-8-7,70
53814,兰州,2014-8-9,81
53815,兰州,2014-8-10,91
53816,兰州,2014-8-11,55
53817,兰州,2014-8-12,55
53818,兰州,2014-8-13,60
53819,兰州,2014-8-14,68
53820,兰州,2014-8-15,84
53821,兰州,2014-8-16,78
53822,兰州,2014-8-17,64
53823,兰州,2014-8-18,86
53824,兰州,2014-8-19,79
53825,兰州,2014-8-20,72
53826,兰州,2014-8-21,91
53827,兰州,2014-8-23,79
53828,兰州,2014-8-24,67
53829,兰州,2014-8-25,81
53830,兰州,2014-8-26,69
53831,兰州,2014-8-27,91
53832,兰州,2014-8-28,60
53833,兰州,2014-8-29,57
53834,兰州,2014-8-30,52
53835,兰州,2014-8-31,73
53836,兰州,2014-9-1,62
53837,兰州,2014-9-2,66
53838,兰州,2014-9-3,88
53839,兰州,2014-9-4,86
53840,兰州,2014-9-5,69
53841,兰州,2014-9-6,62
53842,兰州,2014-9-7,64
53843,兰州,2014-9-8,105
53844,兰州,2014-9-9,123
53845,兰州,2014-9-10,62
53846,兰州,2014-9-11,44
53847,兰州,2014-9-12,74
53848,兰州,2014-9-13,121
53849,兰州,2014-9-14,55
53850,兰州,2014-9-15,49
53851,兰州,2014-9-16,41
53852,兰州,2014-9-17,61
53853,兰州,2014-9-18,82
53854,兰州,2014-9-19,82
53855,兰州,2014-9-20,75
53856,兰州,2014-9-21,51
53857,兰州,2014-9-22,42
53858,兰州,2014-9-23,62
53859,兰州,2014-9-24,89
53860,兰州,2014-9-25,68
53861,兰州,2014-9-26,77
53862,兰州,2014-9-27,94
53863,兰州,2014-9-28,75
53864,兰州,2014-9-29,90
53865,兰州,2014-9-30,64
53866,兰州,2014-10-1,65
53867,兰州,2014-10-2,99
53868,兰州,2014-10-3,92
53869,兰州,2014-10-4,60
53870,兰州,2014-10-5,77
53871,兰州,2014-10-6,72
53872,兰州,2014-10-7,75
53873,兰州,2014-10-8,85
53874,兰州,2014-10-9,57
53875,兰州,2014-10-10,76
53876,兰州,2014-10-11,29
53877,兰州,2014-10-12,41
53878,兰州,2014-10-13,71
53879,兰州,2014-10-14,107
53880,兰州,2014-10-15,92
53881,兰州,2014-10-16,81
53882,兰州,2014-10-17,134
53883,兰州,2014-10-18,124
53884,兰州,2014-10-19,76
53885,兰州,2014-10-20,74
53886,兰州,2014-10-21,64
53887,兰州,2014-10-22,89
53888,兰州,2014-10-23,98
53889,兰州,2014-10-24,98
53890,兰州,2014-10-25,81
53891,兰州,2014-10-26,86
53892,兰州,2014-10-27,68
53893,兰州,2014-10-28,41
53894,兰州,2014-10-29,70
53895,兰州,2014-10-30,43
53896,兰州,2014-10-31,39
53897,兰州,2014-11-1,46
53898,兰州,2014-11-2,86
53899,兰州,2014-11-3,129
53900,兰州,2014-11-4,106
53901,兰州,2014-11-5,111
53902,兰州,2014-11-6,122
53903,兰州,2014-11-7,101
53904,兰州,2014-11-8,104
53905,兰州,2014-11-9,65
53906,兰州,2014-11-10,79
53907,兰州,2014-11-11,81
53908,兰州,2014-11-12,67
53909,兰州,2014-11-13,118
53910,兰州,2014-11-14,98
53911,兰州,2014-11-15,81
53912,兰州,2014-11-16,108
53913,兰州,2014-11-17,119
53914,兰州,2014-11-18,122
53915,兰州,2014-11-19,117
53916,兰州,2014-11-20,111
53917,兰州,2014-11-21,106
53918,兰州,2014-11-22,97
53919,兰州,2014-11-23,78
53920,兰州,2014-11-24,97
53921,兰州,2014-11-25,168
53922,兰州,2014-11-26,94
53923,兰州,2014-11-27,43
53924,兰州,2014-11-28,101
53925,兰州,2014-11-29,83
53926,兰州,2014-11-30,56
53927,兰州,2014-12-1,113
53928,兰州,2014-12-2,111
53929,兰州,2014-12-3,70
53930,兰州,2014-12-4,105
53931,兰州,2014-12-5,158
53932,兰州,2014-12-6,92
53933,兰州,2014-12-7,113
53934,兰州,2014-12-8,123
53935,兰州,2014-12-9,67
53936,兰州,2014-12-10,106
53937,兰州,2014-12-11,95
53938,兰州,2014-12-12,95
53939,兰州,2014-12-13,125
53940,兰州,2014-12-14,138
53941,兰州,2014-12-15,104
53942,兰州,2014-12-16,97
53943,兰州,2014-12-17,149
53944,兰州,2014-12-18,185
53945,兰州,2014-12-19,112
53946,兰州,2014-12-20,77
53947,兰州,2014-12-21,66
53948,兰州,2014-12-22,138
53949,兰州,2014-12-23,148
53950,兰州,2014-12-24,106
53951,兰州,2014-12-25,118
53952,兰州,2014-12-26,153
53953,兰州,2014-12-27,175
53954,兰州,2014-12-28,203
53955,兰州,2014-12-29,149
53956,兰州,2014-12-30,111
53957,兰州,2014-12-31,69
53958,兰州,2015-1-1,134
53959,兰州,2015-1-2,154
53960,兰州,2015-1-3,187
53961,兰州,2015-1-4,92
53962,兰州,2015-1-5,48
53963,兰州,2015-1-6,59
53964,兰州,2015-1-7,67
53965,兰州,2015-1-8,91
53966,兰州,2015-1-9,117
53967,兰州,2015-1-10,109
53968,兰州,2015-1-11,118
53969,兰州,2015-1-12,127
53970,兰州,2015-1-13,94
53971,兰州,2015-1-14,96
53972,兰州,2015-1-15,64
53973,兰州,2015-1-16,99
53974,兰州,2015-1-17,88
53975,兰州,2015-1-18,80
53976,兰州,2015-1-19,91
53977,兰州,2015-1-20,91
53978,兰州,2015-1-21,90
53979,兰州,2015-1-22,110
53980,兰州,2015-1-23,118
53981,兰州,2015-1-24,87
53982,兰州,2015-1-25,101
53983,兰州,2015-1-26,78
53984,兰州,2015-1-27,62
53985,兰州,2015-1-28,70
53986,兰州,2015-1-29,78
53987,兰州,2015-1-30,67
53988,兰州,2015-1-31,83
53989,兰州,2015-2-1,90
53990,兰州,2015-2-2,81
53991,兰州,2015-2-3,91
53992,兰州,2015-2-4,60
53993,兰州,2015-2-5,80
53994,兰州,2015-2-6,90
53995,兰州,2015-2-7,72
53996,兰州,2015-2-8,86
53997,兰州,2015-2-9,95
53998,兰州,2015-2-10,95
53999,兰州,2015-2-11,84
54000,兰州,2015-2-12,86
54001,兰州,2015-2-13,80
54002,兰州,2015-2-14,197
54003,兰州,2015-2-15,77
54004,兰州,2015-2-16,78
54005,兰州,2015-2-17,76
54006,兰州,2015-2-18,92
54007,兰州,2015-2-19,124
54008,兰州,2015-2-20,77
54009,兰州,2015-2-21,68
54010,兰州,2015-2-22,67
54011,兰州,2015-2-23,75
54012,兰州,2015-2-24,52
54013,兰州,2015-2-25,130
54014,兰州,2015-2-26,74
54015,兰州,2015-2-27,106
54016,兰州,2015-2-28,45
54017,兰州,2015-3-1,71
54018,兰州,2015-3-2,143
54019,兰州,2015-3-3,226
54020,兰州,2015-3-4,113
54021,兰州,2015-3-5,93
54022,兰州,2015-3-6,85
54023,兰州,2015-3-7,74
54024,兰州,2015-3-8,88
54025,兰州,2015-3-9,119
54026,兰州,2015-3-10,92
54027,兰州,2015-3-11,99
54028,兰州,2015-3-12,125
54029,兰州,2015-3-13,107
54030,兰州,2015-3-14,140
54031,兰州,2015-3-15,150
54032,兰州,2015-3-16,126
54033,兰州,2015-3-17,139
54034,兰州,2015-3-18,101
54035,兰州,2015-3-19,67
54036,兰州,2015-3-20,82
54037,兰州,2015-3-21,112
54038,兰州,2015-3-22,108
54039,兰州,2015-3-23,74
54040,兰州,2015-3-24,58
54041,兰州,2015-3-25,73
54042,兰州,2015-3-26,78
54043,兰州,2015-3-27,102
54044,兰州,2015-3-28,115
54045,兰州,2015-3-29,88
54046,兰州,2015-3-30,77
54047,兰州,2015-3-31,98
54048,兰州,2015-4-1,101
54049,兰州,2015-4-2,208
54050,兰州,2015-4-3,113
54051,兰州,2015-4-4,115
54052,兰州,2015-4-5,66
54053,兰州,2015-4-6,46
54054,兰州,2015-4-7,49
54055,兰州,2015-4-8,51
54056,兰州,2015-4-9,55
54057,兰州,2015-4-10,79
54058,兰州,2015-4-11,93
54059,兰州,2015-4-12,121
54060,兰州,2015-4-13,96
54061,兰州,2015-4-14,106
54062,兰州,2015-4-15,149
54063,兰州,2015-4-16,225
54064,兰州,2015-4-17,163
54065,兰州,2015-4-18,98
54066,兰州,2015-4-19,62
54067,兰州,2015-4-20,55
54068,兰州,2015-4-21,56
54069,兰州,2015-4-22,95
54070,兰州,2015-4-23,69
54071,兰州,2015-4-24,98
54072,兰州,2015-4-25,69
54073,兰州,2015-4-26,72
54074,兰州,2015-4-27,95
54075,兰州,2015-4-28,84
54076,兰州,2015-4-29,75
54077,兰州,2015-4-30,100
54078,兰州,2015-5-1,64
54079,兰州,2015-5-2,67
54080,兰州,2015-5-3,51
54081,兰州,2015-5-4,67
54082,兰州,2015-5-5,67
54083,兰州,2015-5-6,118
54084,兰州,2015-5-7,100
54085,兰州,2015-5-8,84
54086,兰州,2015-5-9,68
54087,兰州,2015-5-10,132
54088,兰州,2015-5-11,78
54089,兰州,2015-5-12,102
54090,兰州,2015-5-13,101
54091,兰州,2015-5-14,108
54092,兰州,2015-5-15,108
54093,兰州,2015-5-16,92
54094,兰州,2015-5-17,102
54095,兰州,2015-5-18,353
54096,兰州,2015-5-19,120
54097,兰州,2015-5-20,50
54098,兰州,2015-5-21,51
54099,兰州,2015-5-22,76
54100,兰州,2015-5-23,62
54101,兰州,2015-5-24,74
54102,兰州,2015-5-25,65
54103,兰州,2015-5-26,75
54104,兰州,2015-5-27,194
54105,兰州,2015-5-28,47
54106,兰州,2015-5-29,62
54107,兰州,2015-5-30,65
54108,兰州,2015-5-31,84
54109,兰州,2015-6-1,176
54110,兰州,2015-6-2,114
54111,兰州,2015-6-3,70
54112,兰州,2015-6-4,54
54113,兰州,2015-6-5,93
54114,兰州,2015-6-6,80
54115,兰州,2015-6-7,80
54116,兰州,2015-6-8,83
54117,兰州,2015-6-9,107
54118,兰州,2015-6-10,128
54119,兰州,2015-6-11,100
54120,兰州,2015-6-12,71
54121,兰州,2015-6-13,72
54122,兰州,2015-6-14,70
54123,兰州,2015-6-15,68
54124,兰州,2015-6-16,73
54125,兰州,2015-6-17,81
54126,兰州,2015-6-18,78
54127,兰州,2015-6-19,64
54128,兰州,2015-6-20,60
54129,兰州,2015-6-21,77
54130,兰州,2015-6-22,72
54131,兰州,2015-6-23,60
54132,兰州,2015-6-24,65
54133,兰州,2015-6-25,76
54134,兰州,2015-6-26,67
54135,兰州,2015-6-27,49
54136,兰州,2015-6-28,74
54137,兰州,2015-6-29,134
54138,兰州,2015-6-30,98
54139,兰州,2015-7-1,78
54140,兰州,2015-7-2,66
54141,兰州,2015-7-3,86
54142,兰州,2015-7-4,117
54143,兰州,2015-7-5,71
54144,兰州,2015-7-6,81
54145,兰州,2015-7-7,78
54146,兰州,2015-7-8,62
54147,兰州,2015-7-9,52
54148,兰州,2015-7-10,73
54149,兰州,2015-7-11,66
54150,兰州,2015-7-12,80
54151,兰州,2015-7-13,76
54152,兰州,2015-7-14,66
54153,兰州,2015-7-15,72
54154,兰州,2015-7-16,73
54155,兰州,2015-7-17,73
54156,兰州,2015-7-18,76
54157,兰州,2015-7-19,99
54158,兰州,2015-7-20,80
54159,兰州,2015-7-21,65
54160,兰州,2015-7-22,67
54161,兰州,2015-7-23,58
54162,兰州,2015-7-24,82
54163,兰州,2015-7-25,94
54164,兰州,2015-7-26,80
54165,兰州,2015-7-27,74
54166,兰州,2015-7-28,67
54167,兰州,2015-7-29,72
54168,兰州,2015-7-30,73
54169,兰州,2015-7-31,70
54170,兰州,2015-8-1,75
54171,兰州,2015-8-2,67
54172,兰州,2015-8-3,60
54173,兰州,2015-8-4,58
54174,兰州,2015-8-5,74
54175,兰州,2015-8-6,69
54176,兰州,2015-8-7,63
54177,兰州,2015-8-8,45
54178,兰州,2015-8-9,38
54179,兰州,2015-8-10,56
54180,兰州,2015-8-11,66
54181,兰州,2015-8-12,63
54182,兰州,2015-8-13,94
54183,兰州,2015-8-14,63
54184,兰州,2015-8-15,77
54185,兰州,2015-8-16,175
54186,兰州,2015-8-17,114
54187,兰州,2015-8-18,70
54188,兰州,2015-8-19,67
54189,兰州,2015-8-20,75
54190,兰州,2015-8-21,61
54191,兰州,2015-8-22,85
54192,兰州,2015-8-23,62
54193,兰州,2015-8-24,72
54194,兰州,2015-8-25,79
54195,兰州,2015-8-26,72
54196,兰州,2015-8-27,60
54197,兰州,2015-8-28,67
54198,兰州,2015-8-29,78
54199,兰州,2015-8-30,77
54200,兰州,2015-8-31,61
54201,兰州,2015-9-1,58
54202,兰州,2015-9-2,51
54203,兰州,2015-9-3,50
54204,兰州,2015-9-4,45
54205,兰州,2015-9-5,73
54206,兰州,2015-9-6,71
54207,兰州,2015-9-7,58
54208,兰州,2015-9-8,43
54209,兰州,2015-9-9,31
54210,兰州,2015-9-10,33
54211,兰州,2015-9-11,54
54212,兰州,2015-9-12,57
54213,兰州,2015-9-13,64
54214,兰州,2015-9-14,76
54215,兰州,2015-9-15,60
54216,兰州,2015-9-16,60
54217,兰州,2015-9-17,75
54218,兰州,2015-9-18,76
54219,兰州,2015-9-19,77
54220,兰州,2015-9-20,55
54221,兰州,2015-9-21,93
54222,兰州,2015-9-22,54
54223,兰州,2015-9-23,90
54224,兰州,2015-9-24,77
54225,兰州,2015-9-25,107
54226,兰州,2015-9-26,96
54227,兰州,2015-9-27,59
54228,兰州,2015-9-28,52
54229,兰州,2015-9-29,65
54230,兰州,2015-9-30,84
54231,兰州,2015-10-1,111
54232,兰州,2015-10-2,84
54233,兰州,2015-10-3,97
54234,兰州,2015-10-4,87
54235,兰州,2015-10-5,81
54236,兰州,2015-10-6,65
54237,兰州,2015-10-7,96
54238,兰州,2015-10-8,70
54239,兰州,2015-10-9,77
54240,兰州,2015-10-10,79
54241,兰州,2015-10-11,77
54242,兰州,2015-10-12,83
54243,兰州,2015-10-13,68
54244,兰州,2015-10-14,81
54245,兰州,2015-10-15,99
54246,兰州,2015-10-16,80
54247,兰州,2015-10-17,63
54248,兰州,2015-10-18,82
54249,兰州,2015-10-19,105
54250,兰州,2015-10-20,100
54251,兰州,2015-10-21,58
54252,兰州,2015-10-22,46
54253,兰州,2015-10-23,67
54254,兰州,2015-10-24,54
54255,兰州,2015-10-25,50
54256,兰州,2015-10-26,45
54257,兰州,2015-10-27,74
54258,兰州,2015-10-28,93
54259,兰州,2015-10-29,58
54260,兰州,2015-10-30,61
54261,兰州,2015-10-31,56
54262,兰州,2015-11-1,97
54263,兰州,2015-11-2,79
54264,兰州,2015-11-3,63
54265,兰州,2015-11-4,74
54266,兰州,2015-11-5,74
54267,兰州,2015-11-6,49
54268,兰州,2015-11-7,69
54269,兰州,2015-11-8,95
54270,兰州,2015-11-9,112
54271,兰州,2015-11-10,93
54272,兰州,2015-11-11,79
54273,兰州,2015-11-12,68
54274,兰州,2015-11-13,92
54275,兰州,2015-11-14,73
54276,兰州,2015-11-15,99
54277,兰州,2015-11-16,98
54278,兰州,2015-11-17,77
54279,兰州,2015-11-18,93
54280,兰州,2015-11-19,87
54281,兰州,2015-11-20,107
54282,兰州,2015-11-21,112
54283,兰州,2015-11-22,90
54284,兰州,2015-11-23,65
54285,兰州,2015-11-24,45
54286,兰州,2015-11-25,68
54287,兰州,2015-11-26,120
54288,兰州,2015-11-27,141
54289,兰州,2015-11-28,121
54290,兰州,2015-11-29,142
54291,兰州,2015-11-30,161
54292,兰州,2015-12-1,109
54293,兰州,2015-12-2,88
54294,兰州,2015-12-3,76
54295,兰州,2015-12-4,97
54296,兰州,2015-12-5,127
54297,兰州,2015-12-6,139
54298,兰州,2015-12-7,133
54299,兰州,2015-12-8,116
54300,兰州,2015-12-9,111
54301,兰州,2015-12-10,104
54302,兰州,2015-12-11,126
54303,兰州,2015-12-12,58
54304,兰州,2015-12-13,36
54305,兰州,2015-12-14,62
54306,兰州,2015-12-15,63
54307,兰州,2015-12-16,69
54308,兰州,2015-12-17,98
54309,兰州,2015-12-18,101
54310,兰州,2015-12-19,103
54311,兰州,2015-12-20,128
54312,兰州,2015-12-21,133
54313,兰州,2015-12-22,118
54314,兰州,2015-12-23,115
54315,兰州,2015-12-24,95
54316,兰州,2015-12-25,121
54317,兰州,2015-12-26,139
54318,兰州,2015-12-27,73
54319,兰州,2015-12-28,89
54320,兰州,2015-12-29,111
54321,兰州,2015-12-30,149
54322,兰州,2015-12-31,153
54323,兰州,2016-1-1,156
54324,兰州,2016-1-2,100
54325,兰州,2016-1-3,96
54326,兰州,2016-1-4,100
54327,兰州,2016-1-5,68
54328,兰州,2016-1-6,80
54329,兰州,2016-1-7,79
54330,兰州,2016-1-8,109
54331,兰州,2016-1-9,128
54332,兰州,2016-1-10,105
54333,兰州,2016-1-11,70
54334,兰州,2016-1-12,66
54335,兰州,2016-1-13,85
54336,兰州,2016-1-14,89
54337,兰州,2016-1-15,138
54338,兰州,2016-1-16,122
54339,兰州,2016-1-17,125
54340,兰州,2016-1-18,76
54341,兰州,2016-1-19,94
54342,兰州,2016-1-20,63
54343,兰州,2016-1-21,80
54344,兰州,2016-1-22,39
54345,兰州,2016-1-23,56
54346,兰州,2016-1-24,49
54347,兰州,2016-1-25,85
54348,兰州,2016-1-26,91
54349,兰州,2016-1-27,109
54350,兰州,2016-1-28,101
54351,兰州,2016-1-29,127
54352,兰州,2016-1-30,116
54353,兰州,2016-1-31,65
54354,兰州,2016-2-1,73
54355,兰州,2016-2-2,101
54356,兰州,2016-2-3,100
54357,兰州,2016-2-4,88
54358,兰州,2016-2-5,75
54359,兰州,2016-2-6,70
54360,兰州,2016-2-7,105
54361,兰州,2016-2-8,137
54362,兰州,2016-2-9,104
54363,兰州,2016-2-10,113
54364,兰州,2016-2-11,113
54365,兰州,2016-2-12,85
54366,兰州,2016-2-13,52
54367,兰州,2016-2-14,57
54368,兰州,2016-2-15,64
54369,兰州,2016-2-16,79
54370,兰州,2016-2-17,93
54371,兰州,2016-2-18,164
54372,兰州,2016-2-19,322
54373,兰州,2016-2-20,382
54374,兰州,2016-2-21,157
54375,兰州,2016-2-22,128
54376,兰州,2016-2-23,117
54377,兰州,2016-2-24,83
54378,兰州,2016-2-25,71
54379,兰州,2016-2-26,74
54380,兰州,2016-2-27,79
54381,兰州,2016-2-28,201
54382,兰州,2016-2-29,72
54383,兰州,2016-3-1,67
54384,兰州,2016-3-2,61
54385,兰州,2016-3-3,66
54386,兰州,2016-3-4,177
54387,兰州,2016-3-5,129
54388,兰州,2016-3-6,150
54389,兰州,2016-3-7,159
54390,兰州,2016-3-8,140
54391,兰州,2016-3-9,170
54392,兰州,2016-3-10,71
54393,兰州,2016-3-11,88
54394,兰州,2016-3-12,148
54395,兰州,2016-3-13,81
54396,兰州,2016-3-14,86
54397,兰州,2016-3-15,83
54398,兰州,2016-3-16,72
54399,兰州,2016-3-17,103
54400,兰州,2016-3-18,131
54401,兰州,2016-3-19,103
54402,兰州,2016-3-20,112
54403,兰州,2016-3-21,48
54404,兰州,2016-3-22,89
54405,兰州,2016-3-23,67
54406,兰州,2016-3-24,53
54407,兰州,2016-3-25,60
54408,兰州,2016-3-26,68
54409,兰州,2016-3-27,74
54410,兰州,2016-3-28,90
54411,兰州,2016-3-29,85
54412,兰州,2016-3-30,84
54413,兰州,2016-3-31,98
54414,兰州,2016-4-1,142
54415,兰州,2016-4-2,83
54416,兰州,2016-4-3,103
54417,兰州,2016-4-4,88
54418,兰州,2016-4-5,67
54419,兰州,2016-4-6,65
54420,兰州,2016-4-7,77
54421,兰州,2016-4-8,72
54422,兰州,2016-4-9,57
54423,兰州,2016-4-10,86
54424,兰州,2016-4-11,88
54425,兰州,2016-4-12,88
54426,兰州,2016-4-13,85
54427,兰州,2016-4-14,72
54428,兰州,2016-4-15,68
54429,兰州,2016-4-16,48
54430,兰州,2016-4-17,55
54431,兰州,2016-4-18,90
54432,兰州,2016-4-19,77
54433,兰州,2016-4-20,88
54434,兰州,2016-4-21,78
54435,兰州,2016-4-22,83
54436,兰州,2016-4-23,51
54437,兰州,2016-4-24,90
54438,兰州,2016-4-25,79
54439,兰州,2016-4-26,64
54440,兰州,2016-4-27,85
54441,兰州,2016-4-28,100
54442,兰州,2016-4-29,101
54443,兰州,2016-4-30,84
54444,兰州,2016-5-1,201
54445,兰州,2016-5-2,77
54446,兰州,2016-5-3,99
54447,兰州,2016-5-4,123
54448,兰州,2016-5-5,100
54449,兰州,2016-5-6,98
54450,兰州,2016-5-7,84
54451,兰州,2016-5-8,112
54452,兰州,2016-5-9,74
54453,兰州,2016-5-10,95
54454,兰州,2016-5-11,179
54455,兰州,2016-5-12,96
54456,兰州,2016-5-13,92
54457,兰州,2016-5-14,63
54458,兰州,2016-5-15,109
54459,兰州,2016-5-16,72
54460,兰州,2016-5-17,65
54461,兰州,2016-5-18,70
54462,兰州,2016-5-19,66
54463,兰州,2016-5-20,125
54464,兰州,2016-5-21,39
54465,兰州,2016-5-22,32
54466,兰州,2016-5-23,40
54467,兰州,2016-5-24,73
54468,兰州,2016-5-25,45
54469,兰州,2016-5-26,49
54470,兰州,2016-5-27,64
54471,兰州,2016-5-28,86
54472,兰州,2016-5-29,82
54473,兰州,2016-5-30,69
54474,兰州,2016-5-31,68
54475,兰州,2016-6-1,74
54476,兰州,2016-6-2,70
54477,兰州,2016-6-3,84
54478,兰州,2016-6-4,52
54479,兰州,2016-6-5,79
54480,兰州,2016-6-6,74
54481,兰州,2016-6-7,63
54482,兰州,2016-6-8,50
54483,兰州,2016-6-9,53
54484,兰州,2016-6-10,63
54485,兰州,2016-6-11,88
54486,兰州,2016-6-12,66
54487,兰州,2016-6-13,75
54488,兰州,2016-6-14,109
54489,兰州,2016-6-15,55
54490,兰州,2016-6-16,70
54491,兰州,2016-6-17,79
54492,兰州,2016-6-18,96
54493,兰州,2016-6-19,80
54494,兰州,2016-6-20,59
54495,兰州,2016-6-21,76
54496,兰州,2016-6-22,80
54497,兰州,2016-6-23,53
54498,兰州,2016-6-24,77
54499,兰州,2016-6-25,71
54500,兰州,2016-6-26,68
54501,兰州,2016-6-27,112
54502,兰州,2016-6-28,80
54503,兰州,2016-6-29,100
54504,兰州,2016-6-30,69
54505,兰州,2016-7-1,78
54506,兰州,2016-7-2,91
54507,兰州,2016-7-3,82
54508,兰州,2016-7-4,80
54509,兰州,2016-7-5,65
54510,兰州,2016-7-6,55
54511,兰州,2016-7-7,52
54512,兰州,2016-7-8,51
54513,兰州,2016-7-9,71
54514,兰州,2016-7-10,56
54515,兰州,2016-7-11,33
54516,兰州,2016-7-12,63
54517,兰州,2016-7-13,57
54518,兰州,2016-7-14,61
54519,兰州,2016-7-15,80
54520,兰州,2016-7-16,64
54521,兰州,2016-7-17,83
54522,兰州,2016-7-18,46
54523,兰州,2016-7-19,72
54524,兰州,2016-7-20,75
54525,兰州,2016-7-21,94
54526,兰州,2016-7-22,89
54527,兰州,2016-7-23,67
54528,兰州,2016-7-24,51
54529,兰州,2016-7-25,63
54530,兰州,2016-7-26,69
54531,兰州,2016-7-27,83
54532,兰州,2016-7-28,83
54533,兰州,2016-7-29,77
54534,兰州,2016-7-30,61
54535,兰州,2016-7-31,60
54536,兰州,2016-8-1,58
54537,兰州,2016-8-2,57
54538,兰州,2016-8-3,60
54539,兰州,2016-8-4,63
54540,兰州,2016-8-5,72
54541,兰州,2016-8-6,80
54542,兰州,2016-8-7,100
54543,兰州,2016-8-8,77
54544,兰州,2016-8-9,67
54545,兰州,2016-8-10,100
54546,兰州,2016-8-11,63
54547,兰州,2016-8-12,73
54548,兰州,2016-8-13,68
54549,兰州,2016-8-14,63
54550,兰州,2016-8-15,52
54551,兰州,2016-8-16,79
54552,兰州,2016-8-17,67
54553,兰州,2016-8-18,47
54554,兰州,2016-8-19,43
54555,兰州,2016-8-20,52
54556,兰州,2016-8-21,77
54557,兰州,2016-8-22,64
54558,兰州,2016-8-23,34
54559,兰州,2016-8-24,42
54560,兰州,2016-8-25,40
54561,兰州,2016-8-26,53
54562,兰州,2016-8-27,65
54563,兰州,2016-8-28,76
54564,兰州,2016-8-29,55
54565,兰州,2016-8-30,67
54566,兰州,2016-8-31,85
54567,兰州,2016-9-1,83
54568,兰州,2016-9-2,84
54569,兰州,2016-9-3,74
54570,兰州,2016-9-4,87
54571,兰州,2016-9-5,78
54572,兰州,2016-9-6,54
54573,兰州,2016-9-7,78
54574,兰州,2016-9-8,80
54575,兰州,2016-9-9,57
54576,兰州,2016-9-10,73
54577,兰州,2016-9-11,73
54578,兰州,2016-9-12,52
54579,兰州,2016-9-13,67
54580,兰州,2016-9-14,70
54581,兰州,2016-9-15,66
54582,兰州,2016-9-16,70
54583,兰州,2016-9-17,56
54584,兰州,2016-9-18,55
54585,兰州,2016-9-19,74
54586,兰州,2016-9-20,73
54587,兰州,2016-9-21,77
54588,兰州,2016-9-22,87
54589,兰州,2016-9-23,82
54590,兰州,2016-9-24,80
54591,兰州,2016-9-25,67
54592,兰州,2016-9-26,80
54593,兰州,2016-9-27,67
54594,兰州,2016-9-28,67
54595,兰州,2016-9-29,73
54596,兰州,2016-9-30,79
54597,兰州,2016-10-1,79
54598,兰州,2016-10-2,90
54599,兰州,2016-10-3,155
54600,兰州,2016-10-4,81
54601,兰州,2016-10-5,79
54602,兰州,2016-10-6,56
54603,兰州,2016-10-7,64
54604,兰州,2016-10-8,84
54605,兰州,2016-10-9,60
54606,兰州,2016-10-10,70
54607,兰州,2016-10-11,95
54608,兰州,2016-10-12,82
54609,兰州,2016-10-13,81
54610,兰州,2016-10-14,61
54611,兰州,2016-10-15,79
54612,兰州,2016-10-16,77
54613,兰州,2016-10-17,86
54614,兰州,2016-10-18,96
54615,兰州,2016-10-19,84
54616,兰州,2016-10-20,122
54617,兰州,2016-10-21,114
54618,兰州,2016-10-22,49
54619,兰州,2016-10-23,82
54620,兰州,2016-10-24,53
54621,兰州,2016-10-25,66
54622,兰州,2016-10-26,75
54623,兰州,2016-10-27,51
54624,兰州,2016-10-28,41
54625,兰州,2016-10-29,60
54626,兰州,2016-10-30,77
54627,兰州,2016-10-31,98
54628,兰州,2016-11-1,104
54629,兰州,2016-11-2,114
54630,兰州,2016-11-3,138
54631,兰州,2016-11-4,142
54632,兰州,2016-11-5,137
54633,兰州,2016-11-6,102
54634,兰州,2016-11-7,122
54635,兰州,2016-11-8,122
54636,兰州,2016-11-9,121
54637,兰州,2016-11-10,500
54638,兰州,2016-11-11,400
54639,兰州,2016-11-12,155
54640,兰州,2016-11-13,154
54641,兰州,2016-11-14,118
54642,兰州,2016-11-15,130
54643,兰州,2016-11-16,144
54644,兰州,2016-11-17,157
54645,兰州,2016-11-18,255
54646,兰州,2016-11-19,204
54647,兰州,2016-11-20,158
54648,兰州,2016-11-21,103
54649,兰州,2016-11-22,70
54650,兰州,2016-11-23,82
54651,兰州,2016-11-24,96
54652,兰州,2016-11-25,121
54653,兰州,2016-11-26,196
54654,兰州,2016-11-27,158
54655,兰州,2016-11-28,117
54656,兰州,2016-11-29,97
54657,兰州,2016-11-30,121
54658,兰州,2016-12-1,133
54659,兰州,2016-12-2,145
54660,兰州,2016-12-3,156
54661,兰州,2016-12-4,174
54662,兰州,2016-12-5,102
54663,兰州,2016-12-6,113
54664,兰州,2016-12-7,125
54665,兰州,2016-12-8,147
54666,兰州,2016-12-9,137
54667,兰州,2016-12-10,141
54668,兰州,2016-12-11,172
54669,兰州,2016-12-12,112
54670,兰州,2016-12-13,122
54671,兰州,2016-12-14,105
54672,兰州,2016-12-15,100
54673,兰州,2016-12-16,126
54674,兰州,2016-12-17,149
54675,兰州,2016-12-18,172
54676,兰州,2016-12-19,166
54677,兰州,2016-12-20,229
54678,兰州,2016-12-21,221
54679,兰州,2016-12-22,145
54680,兰州,2016-12-23,138
54681,兰州,2016-12-24,115
54682,兰州,2016-12-25,94
54683,兰州,2016-12-26,74
54684,兰州,2016-12-27,101
54685,兰州,2016-12-28,91
54686,兰州,2016-12-29,82
54687,兰州,2016-12-30,113
54688,兰州,2016-12-31,122
54689,兰州,2017-1-1,95
54690,兰州,2017-1-2,128
54691,兰州,2017-1-3,142
54692,兰州,2017-1-4,181
54693,兰州,2017-1-5,171
54694,兰州,2017-1-6,84
54695,兰州,2017-1-7,73
54696,兰州,2017-1-8,68
54697,兰州,2017-1-9,53
54698,兰州,2017-1-10,47
54699,兰州,2017-1-11,77
54700,兰州,2017-1-12,115
54701,兰州,2017-1-13,128
54702,兰州,2017-1-14,117
54703,兰州,2017-1-15,87
54704,兰州,2017-1-16,79
54705,兰州,2017-1-17,67
54706,兰州,2017-1-18,86
54707,兰州,2017-1-19,261
54708,兰州,2017-1-20,138
54709,兰州,2017-1-21,99
54710,兰州,2017-1-22,86
54711,兰州,2017-1-23,107
54712,兰州,2017-1-24,124
54713,兰州,2017-1-25,171
54714,兰州,2017-1-26,370
54715,兰州,2017-1-27,162
54716,兰州,2017-1-28,155
54717,兰州,2017-1-29,102
54718,兰州,2017-1-30,93
54719,兰州,2017-1-31,86
54720,兰州,2017-2-1,81
54721,兰州,2017-2-2,89
54722,兰州,2017-2-3,91
54723,兰州,2017-2-4,88
54724,兰州,2017-2-5,113
54725,兰州,2017-2-6,101
54726,兰州,2017-2-7,86
54727,兰州,2017-2-8,63
54728,兰州,2017-2-9,84
54729,兰州,2017-2-10,55
54730,兰州,2017-2-11,89
54731,兰州,2017-2-12,125
54732,兰州,2017-2-13,109
54733,兰州,2017-2-14,87
54734,兰州,2017-2-15,108
54735,兰州,2017-2-16,132
54736,兰州,2017-2-17,115
54737,兰州,2017-2-18,117
54738,兰州,2017-2-19,119
54739,兰州,2017-2-20,152
54740,兰州,2017-2-21,170
54741,兰州,2017-2-22,117
54742,兰州,2017-2-23,89
54743,兰州,2017-2-24,90
54744,兰州,2017-2-25,63
54745,兰州,2017-2-26,71
54746,兰州,2017-2-27,80
54747,兰州,2017-2-28,92
54748,兰州,2017-3-1,171
54749,兰州,2017-3-2,99
54750,兰州,2017-3-3,101
54751,兰州,2017-3-4,79
54752,兰州,2017-3-5,59
54753,兰州,2017-3-6,68
54754,兰州,2017-3-7,59
54755,兰州,2017-3-8,71
54756,兰州,2017-3-9,70
54757,兰州,2017-3-10,66
54758,兰州,2017-3-11,65
54759,兰州,2017-3-12,63
54760,兰州,2017-3-13,64
54761,兰州,2017-3-14,68
54762,兰州,2017-3-15,78
54763,兰州,2017-3-16,107
54764,兰州,2017-3-17,69
54765,兰州,2017-3-18,84
54766,兰州,2017-3-19,66
54767,兰州,2017-3-20,84
54768,兰州,2017-3-21,72
54769,兰州,2017-3-22,73
54770,兰州,2017-3-23,68
54771,兰州,2017-3-24,90
54772,兰州,2017-3-25,91
54773,兰州,2017-3-26,107
54774,兰州,2017-3-27,120
54775,兰州,2017-3-28,191
54776,兰州,2017-3-29,125
54777,兰州,2017-3-30,59
54778,兰州,2017-3-31,62
54779,兰州,2017-4-1,76
54780,兰州,2017-4-2,79
54781,兰州,2017-4-3,69
54782,兰州,2017-4-4,87
54783,兰州,2017-4-5,98
54784,兰州,2017-4-6,97
54785,兰州,2017-4-7,129
54786,兰州,2017-4-8,50
54787,兰州,2017-4-9,57
54788,兰州,2017-4-10,56
54789,兰州,2017-4-11,60
54790,兰州,2017-4-12,82
54791,兰州,2017-4-13,87
54792,兰州,2017-4-14,107
54793,兰州,2017-4-15,61
54794,兰州,2017-4-16,82
54795,兰州,2017-4-17,178
54796,兰州,2017-4-18,458
54797,兰州,2017-4-19,70
54798,兰州,2017-4-20,93
54799,兰州,2017-4-21,140
54800,兰州,2017-4-22,106
54801,兰州,2017-4-23,92
54802,兰州,2017-4-24,99
54803,兰州,2017-4-25,65
54804,兰州,2017-4-26,57
54805,兰州,2017-4-27,73
54806,兰州,2017-4-28,87
54807,兰州,2017-4-29,91
54808,兰州,2017-4-30,74
54809,兰州,2017-5-1,94
54810,兰州,2017-5-2,80
54811,兰州,2017-5-3,195
54812,兰州,2017-5-4,371
54813,兰州,2017-5-5,422
54814,兰州,2017-5-6,198
54815,兰州,2017-5-7,82
54816,兰州,2017-5-8,84
54817,兰州,2017-5-9,105
54818,兰州,2017-5-10,120
54819,兰州,2017-5-11,70
54820,兰州,2017-5-12,97
54821,兰州,2017-5-13,106
54822,兰州,2017-5-14,67
54823,兰州,2017-5-15,61
54824,兰州,2017-5-16,73
54825,兰州,2017-5-17,79
54826,兰州,2017-5-18,64
54827,兰州,2017-5-19,90
54828,兰州,2017-5-20,71
54829,兰州,2017-5-21,114
54830,兰州,2017-5-22,109
54831,兰州,2017-5-23,69
54832,兰州,2017-5-24,69
54833,兰州,2017-5-25,71
54834,兰州,2017-5-26,83
54835,兰州,2017-5-27,86
54836,兰州,2017-5-28,86
54837,兰州,2017-5-29,107
54838,兰州,2017-5-30,131
54839,兰州,2017-5-31,115
54840,兰州,2017-6-1,83
54841,兰州,2017-6-2,88
54842,兰州,2017-6-3,66
54843,兰州,2017-6-4,56
54844,兰州,2017-6-5,58
54845,兰州,2017-6-6,60
54846,兰州,2017-6-7,67
54847,兰州,2017-6-8,65
54848,兰州,2017-6-9,56
54849,兰州,2017-6-10,77
54850,兰州,2017-6-11,84
54851,兰州,2017-6-12,79
54852,兰州,2017-6-13,61
54853,兰州,2017-6-14,58
54854,兰州,2017-6-15,61
54855,兰州,2017-6-16,83
54856,兰州,2017-6-17,85
54857,兰州,2017-6-18,76
54858,兰州,2017-6-19,85
54859,兰州,2017-6-20,69
54860,兰州,2017-6-21,58
54861,兰州,2017-6-22,90
54862,兰州,2017-6-23,89
54863,兰州,2017-6-24,79
54864,兰州,2017-6-25,89
54865,兰州,2017-6-26,88
54866,兰州,2017-6-27,75
54867,兰州,2017-6-28,76
54868,兰州,2017-6-29,78
54869,兰州,2017-6-30,74
54870,兰州,2017-7-1,74
54871,兰州,2017-7-2,77
54872,兰州,2017-7-3,56
54873,兰州,2017-7-4,78
54874,兰州,2017-7-5,48
54875,兰州,2017-7-6,73
54876,兰州,2017-7-7,81
54877,兰州,2017-7-8,81
54878,兰州,2017-7-9,64
54879,兰州,2017-7-10,73
54880,兰州,2017-7-11,94
54881,兰州,2017-7-12,94
54882,兰州,2017-7-13,73
54883,兰州,2017-7-14,78
54884,兰州,2017-7-15,75
54885,兰州,2017-7-16,80
54886,兰州,2017-7-17,70
54887,兰州,2017-7-18,75
54888,兰州,2017-7-19,79
54889,兰州,2017-7-20,147
54890,兰州,2017-7-21,65
54891,兰州,2017-7-22,78
54892,兰州,2017-7-23,54
54893,兰州,2017-7-24,52
54894,兰州,2017-7-25,64
54895,兰州,2017-7-26,48
54896,兰州,2017-7-27,41
54897,兰州,2017-7-28,49
54898,兰州,2017-7-29,69
54899,兰州,2017-7-30,86
54900,兰州,2017-7-31,80
54901,兰州,2017-8-1,83
54902,兰州,2017-8-2,84
54903,兰州,2017-8-3,82
54904,兰州,2017-8-4,68
54905,兰州,2017-8-5,59
54906,兰州,2017-8-6,52
54907,兰州,2017-8-7,50
54908,兰州,2017-8-8,61
54909,兰州,2017-8-9,63
54910,兰州,2017-8-10,81
54911,兰州,2017-8-11,74
54912,兰州,2017-8-12,57
54913,兰州,2017-8-13,53
54914,兰州,2017-8-14,73
54915,兰州,2017-8-15,70
54916,兰州,2017-8-16,70
54917,兰州,2017-8-17,54
54918,兰州,2017-8-18,57
54919,兰州,2017-8-19,56
54920,兰州,2017-8-20,42
54921,兰州,2017-8-21,48
54922,兰州,2017-8-22,42
54923,兰州,2017-8-23,41
54924,兰州,2017-8-24,60
54925,兰州,2017-8-25,46
54926,兰州,2017-8-26,39
54927,兰州,2017-8-27,53
54928,兰州,2017-8-28,47
54929,兰州,2017-8-29,42
54930,兰州,2017-8-30,65
54931,兰州,2017-8-31,92
54932,兰州,2017-9-1,58
54933,兰州,2017-9-2,75
54934,兰州,2017-9-3,76
54935,兰州,2017-9-4,60
54936,兰州,2017-9-5,58
54937,兰州,2017-9-6,71
54938,兰州,2017-9-7,80
54939,兰州,2017-9-8,54
54940,兰州,2017-9-9,60
54941,兰州,2017-9-10,78
54942,兰州,2017-9-11,93
54943,兰州,2017-9-12,73
54944,兰州,2017-9-13,68
54945,兰州,2017-9-14,68
54946,兰州,2017-9-15,71
54947,兰州,2017-9-16,56
54948,兰州,2017-9-17,79
54949,兰州,2017-9-18,63
54950,兰州,2017-9-19,56
54951,兰州,2017-9-20,72
54952,兰州,2017-9-21,71
54953,兰州,2017-9-22,74
54954,兰州,2017-9-23,63
54955,兰州,2017-9-24,74
54956,兰州,2017-9-25,93
54957,兰州,2017-9-26,69
54958,兰州,2017-9-27,70
54959,兰州,2017-9-28,82
54960,兰州,2017-9-29,76
54961,兰州,2017-9-30,75
54962,兰州,2017-10-1,107
54963,兰州,2017-10-2,115
54964,兰州,2017-10-3,56
54965,兰州,2017-10-5,60
54966,兰州,2017-10-6,52
54967,兰州,2017-10-7,58
54968,兰州,2017-10-8,59
54969,兰州,2017-10-9,33
54970,兰州,2017-10-10,56
54971,兰州,2017-10-11,78
54972,兰州,2017-10-12,72
54973,兰州,2017-10-13,78
54974,兰州,2017-10-14,72
54975,兰州,2017-10-15,98
54976,兰州,2017-10-16,62
54977,兰州,2017-10-17,40
54978,兰州,2017-10-18,59
54979,兰州,2017-10-19,70
54980,兰州,2017-10-20,72
54981,兰州,2017-10-21,79
54982,兰州,2017-10-22,90
54983,兰州,2017-10-23,73
54984,兰州,2017-10-24,60
54985,兰州,2017-10-25,61
54986,兰州,2017-10-26,82
54987,兰州,2017-10-27,91
54988,兰州,2017-10-28,69
54989,兰州,2017-10-29,83
54990,兰州,2017-10-30,91
54991,兰州,2017-10-31,94
54992,兰州,2017-11-1,103
54993,兰州,2017-11-2,97
54994,兰州,2017-11-3,122
54995,兰州,2017-11-4,118
54996,兰州,2017-11-5,106
54997,兰州,2017-11-6,92
54998,兰州,2017-11-7,86
54999,兰州,2017-11-8,102
55000,兰州,2017-11-9,109
55001,兰州,2017-11-10,93
55002,兰州,2017-11-11,98
55003,兰州,2017-11-12,76
55004,兰州,2017-11-13,75
55005,兰州,2017-11-14,84
55006,兰州,2017-11-15,100
55007,兰州,2017-11-16,118
55008,兰州,2017-11-17,88
55009,兰州,2017-11-18,80
55010,兰州,2017-11-19,75
55011,兰州,2017-11-20,88
55012,兰州,2017-11-21,75
55013,兰州,2017-11-22,77
55014,兰州,2017-11-23,90
55015,兰州,2017-11-24,106
55016,兰州,2017-11-25,109
55017,兰州,2017-11-26,122
55018,兰州,2017-11-27,113
55019,兰州,2017-11-28,94
55020,兰州,2017-11-29,95
55021,兰州,2017-11-30,88
55022,兰州,2017-12-1,113
55023,兰州,2017-12-2,131
55024,兰州,2017-12-3,108
55025,兰州,2017-12-4,72
55026,兰州,2017-12-5,76
55027,兰州,2017-12-6,86
55028,兰州,2017-12-7,72
55029,兰州,2017-12-8,76
55030,兰州,2017-12-9,96
55031,兰州,2017-12-10,98
55032,兰州,2017-12-11,116
55033,兰州,2017-12-12,109
55034,兰州,2017-12-13,121
55035,兰州,2017-12-14,88
55036,兰州,2017-12-15,68
55037,兰州,2017-12-16,58
55038,兰州,2017-12-17,93
55039,兰州,2017-12-18,89
55040,兰州,2017-12-19,104
55041,兰州,2017-12-20,132
55042,兰州,2017-12-21,167
55043,兰州,2017-12-22,148
55044,兰州,2017-12-23,97
55045,兰州,2017-12-24,115
55046,兰州,2017-12-25,111
55047,兰州,2017-12-26,121
55048,兰州,2017-12-27,152
55049,兰州,2017-12-28,273
55050,兰州,2017-12-29,481
55051,兰州,2017-12-30,319
55052,兰州,2017-12-31,187
55053,兰州,2018-1-1,147
55054,兰州,2018-1-2,89
55055,兰州,2018-1-3,96
55056,兰州,2018-1-4,125
55057,兰州,2018-1-5,110
55058,兰州,2018-1-6,91
55059,兰州,2018-1-7,69
55060,兰州,2018-1-8,83
55061,兰州,2018-1-9,101
55062,兰州,2018-1-10,110
55063,兰州,2018-1-11,114
55064,兰州,2018-1-12,130
55065,兰州,2018-1-13,140
55066,兰州,2018-1-14,117
55067,兰州,2018-1-15,113
55068,兰州,2018-1-16,109
55069,兰州,2018-1-17,124
55070,兰州,2018-1-18,99
55071,兰州,2018-1-19,113
55072,兰州,2018-1-20,91
55073,兰州,2018-1-21,85
55074,兰州,2018-1-22,94
55075,兰州,2018-1-23,94
55076,兰州,2018-1-24,92
55077,兰州,2018-1-25,102
55078,兰州,2018-1-26,123
55079,兰州,2018-1-27,105
55080,兰州,2018-1-28,72
55081,兰州,2018-1-29,83
55082,兰州,2018-1-30,75
55083,兰州,2018-1-31,110
55084,兰州,2018-2-1,91
55085,兰州,2018-2-2,75
55086,兰州,2018-2-3,83
55087,兰州,2018-2-4,83
55088,兰州,2018-2-5,105
55089,兰州,2018-2-6,97
55090,兰州,2018-2-7,93
55091,兰州,2018-2-8,91
55092,兰州,2018-2-9,376
55093,兰州,2018-2-10,81
55094,兰州,2018-2-11,91
55095,兰州,2018-2-12,85
55096,兰州,2018-2-13,106
55097,兰州,2018-2-14,95
55098,兰州,2018-2-15,75
55099,兰州,2018-2-16,100
55100,兰州,2018-2-17,84
55101,兰州,2018-2-18,64
55102,兰州,2018-2-19,72
55103,兰州,2018-2-20,63
55104,兰州,2018-2-21,51
55105,兰州,2018-2-22,68
55106,兰州,2018-2-23,75
55107,兰州,2018-2-24,128
55108,兰州,2018-2-25,95
55109,兰州,2018-2-26,85
55110,兰州,2018-2-27,85
55111,兰州,2018-2-28,75
55112,兰州,2018-3-1,64
55113,兰州,2018-3-2,89
55114,兰州,2018-3-3,95
55115,兰州,2018-3-4,66
55116,兰州,2018-3-5,59
55117,兰州,2018-3-6,68
55118,兰州,2018-3-7,119
55119,兰州,2018-3-8,90
55120,兰州,2018-3-9,83
55121,兰州,2018-3-10,82
55122,兰州,2018-3-11,86
55123,兰州,2018-3-12,93
55124,兰州,2018-3-13,84
55125,兰州,2018-3-14,86
55126,兰州,2018-3-15,190
55127,兰州,2018-3-16,223
55128,兰州,2018-3-17,323
55129,兰州,2018-3-18,180
55130,兰州,2018-3-19,203
55131,兰州,2018-3-20,144
55132,兰州,2018-3-21,147
55133,兰州,2018-3-22,97
55134,兰州,2018-3-23,76
55135,兰州,2018-3-24,78
55136,兰州,2018-3-25,89
55137,兰州,2018-3-26,141
55138,兰州,2018-3-27,123
55139,兰州,2018-3-28,103
55140,兰州,2018-3-29,118
55141,兰州,2018-3-30,157
55142,兰州,2018-3-31,141
55143,兰州,2018-4-1,123
55144,兰州,2018-4-2,109
55145,兰州,2018-4-3,206
55146,兰州,2018-4-4,325
55147,兰州,2018-4-5,239
55148,兰州,2018-4-6,145
55149,兰州,2018-4-7,97
55150,兰州,2018-4-8,103
55151,兰州,2018-4-9,170
55152,兰州,2018-4-10,333
55153,兰州,2018-4-11,148
55154,兰州,2018-4-12,118
55155,兰州,2018-4-13,94
55156,兰州,2018-4-14,93
55157,兰州,2018-4-15,92
55158,兰州,2018-4-16,97
55159,兰州,2018-4-17,101
55160,兰州,2018-4-18,99
55161,兰州,2018-4-19,83
55162,兰州,2018-4-20,105
55163,兰州,2018-4-21,89
55164,兰州,2018-4-22,78
55165,兰州,2018-4-23,58
55166,兰州,2018-4-24,41
55167,兰州,2018-4-25,64
55168,兰州,2018-4-26,74
55169,兰州,2018-4-27,83
55170,兰州,2018-4-28,85
55171,兰州,2018-4-29,85
55172,兰州,2018-4-30,57
55173,兰州,2018-5-1,75
55174,兰州,2018-5-2,94
55175,兰州,2018-5-3,87
55176,兰州,2018-5-4,114
55177,兰州,2018-5-5,73
55178,兰州,2018-5-6,59
55179,兰州,2018-5-7,77
55180,兰州,2018-5-8,60
55181,兰州,2018-5-9,87
55182,兰州,2018-5-10,44
55183,兰州,2018-5-11,76
55184,兰州,2018-5-12,94
55185,兰州,2018-5-13,122
55186,兰州,2018-5-14,93
55187,兰州,2018-5-15,91
55188,兰州,2018-5-16,199
55189,兰州,2018-5-17,97
55190,兰州,2018-5-18,126
55191,兰州,2018-5-19,108
55192,兰州,2018-5-20,65
55193,兰州,2018-5-21,70
55194,兰州,2018-5-22,60
55195,兰州,2018-5-23,67
55196,兰州,2018-5-24,66
55197,兰州,2018-5-25,173
55198,兰州,2018-5-26,143
55199,兰州,2018-5-27,124
55200,兰州,2018-5-28,100
55201,兰州,2018-5-29,79
55202,兰州,2018-5-30,86
55203,兰州,2018-5-31,67
55204,兰州,2018-6-1,73
55205,兰州,2018-6-2,92
55206,兰州,2018-6-3,71
55207,兰州,2018-6-4,63
55208,兰州,2018-6-5,97
55209,兰州,2018-6-6,86
55210,兰州,2018-6-7,68
55211,兰州,2018-6-8,57
55212,兰州,2018-6-9,75
